date,gig_name,keyword,fiverr_status,fiverr_page,fiverr_position,ddg_status,ddg_position
2026-06-12,ai-vibe-coding,lovable app,BLOCKED,,,NOT_FOUND,
2026-06-12,ai-vibe-coding,v0 dev,BLOCKED,,,NOT_FOUND,
2026-06-12,ai-vibe-coding,ai web app mvp,BLOCKED,,,ERROR,
2026-06-12,ai-vibe-coding,vibe coding,BLOCKED,,,ERROR,
2026-06-12,ai-vibe-coding,ai website builder,BLOCKED,,,ERROR,
2026-06-12,bug-fix,fix react bugs,BLOCKED,,,ERROR,
2026-06-12,bug-fix,nextjs bug fix,BLOCKED,,,ERROR,
2026-06-12,bug-fix,fix website bugs,BLOCKED,,,ERROR,
2026-06-12,bug-fix,react error fix,BLOCKED,,,ERROR,
2026-06-12,full-stack,nextjs developer,BLOCKED,,,ERROR,
2026-06-12,full-stack,react web app,BLOCKED,,,ERROR,
2026-06-12,full-stack,full stack developer,BLOCKED,,,ERROR,
2026-06-12,full-stack,django website,BLOCKED,,,ERROR,
2026-06-13,ai-vibe-coding,lovable app,BLOCKED,,,NOT_FOUND,
2026-06-13,ai-vibe-coding,v0 dev,BLOCKED,,,NOT_FOUND,
2026-06-13,ai-vibe-coding,ai web app mvp,BLOCKED,,,ERROR,
2026-06-13,ai-vibe-coding,vibe coding,BLOCKED,,,ERROR,
2026-06-13,ai-vibe-coding,ai website builder,BLOCKED,,,ERROR,
2026-06-13,bug-fix,fix react bugs,BLOCKED,,,ERROR,
2026-06-13,bug-fix,nextjs bug fix,BLOCKED,,,ERROR,
2026-06-13,bug-fix,fix website bugs,BLOCKED,,,ERROR,
2026-06-13,bug-fix,react error fix,BLOCKED,,,ERROR,
2026-06-13,full-stack,nextjs developer,BLOCKED,,,ERROR,
2026-06-13,full-stack,react web app,BLOCKED,,,ERROR,
2026-06-13,full-stack,full stack developer,BLOCKED,,,ERROR,
2026-06-13,full-stack,django website,BLOCKED,,,ERROR,
2026-06-14,ai-vibe-coding,lovable app,BLOCKED,,,NOT_FOUND,
2026-06-14,ai-vibe-coding,v0 dev,BLOCKED,,,NOT_FOUND,
2026-06-14,ai-vibe-coding,ai web app mvp,BLOCKED,,,ERROR,
2026-06-14,ai-vibe-coding,vibe coding,BLOCKED,,,ERROR,
2026-06-14,ai-vibe-coding,ai website builder,BLOCKED,,,ERROR,
2026-06-14,bug-fix,fix react bugs,BLOCKED,,,ERROR,
2026-06-14,bug-fix,nextjs bug fix,BLOCKED,,,ERROR,
2026-06-14,bug-fix,fix website bugs,BLOCKED,,,ERROR,
2026-06-14,bug-fix,react error fix,BLOCKED,,,ERROR,
2026-06-14,full-stack,nextjs developer,BLOCKED,,,ERROR,
2026-06-14,full-stack,react web app,BLOCKED,,,ERROR,
2026-06-14,full-stack,full stack developer,BLOCKED,,,ERROR,
2026-06-14,full-stack,django website,BLOCKED,,,ERROR,
2026-06-15,ai-vibe-coding,lovable app,BLOCKED,,,NOT_FOUND,
2026-06-15,ai-vibe-coding,v0 dev,BLOCKED,,,NOT_FOUND,
2026-06-15,ai-vibe-coding,ai web app mvp,BLOCKED,,,ERROR,
2026-06-15,ai-vibe-coding,vibe coding,BLOCKED,,,ERROR,
2026-06-15,ai-vibe-coding,ai website builder,BLOCKED,,,ERROR,
2026-06-15,bug-fix,fix react bugs,BLOCKED,,,ERROR,
2026-06-15,bug-fix,nextjs bug fix,BLOCKED,,,ERROR,
2026-06-15,bug-fix,fix website bugs,BLOCKED,,,ERROR,
2026-06-15,bug-fix,react error fix,BLOCKED,,,ERROR,
2026-06-15,full-stack,nextjs developer,BLOCKED,,,ERROR,
2026-06-15,full-stack,react web app,BLOCKED,,,ERROR,
2026-06-15,full-stack,full stack developer,BLOCKED,,,ERROR,
2026-06-15,full-stack,django website,BLOCKED,,,ERROR,
2026-06-16,ai-vibe-coding,lovable app,BLOCKED,,,NOT_FOUND,
2026-06-16,ai-vibe-coding,v0 dev,BLOCKED,,,NOT_FOUND,
2026-06-16,ai-vibe-coding,ai web app mvp,BLOCKED,,,ERROR,
2026-06-16,ai-vibe-coding,vibe coding,BLOCKED,,,ERROR,
2026-06-16,ai-vibe-coding,ai website builder,BLOCKED,,,ERROR,
2026-06-16,bug-fix,fix react bugs,BLOCKED,,,ERROR,
2026-06-16,bug-fix,nextjs bug fix,BLOCKED,,,ERROR,
2026-06-16,bug-fix,fix website bugs,BLOCKED,,,ERROR,
2026-06-16,bug-fix,react error fix,BLOCKED,,,ERROR,
2026-06-16,full-stack,nextjs developer,BLOCKED,,,ERROR,
2026-06-16,full-stack,react web app,BLOCKED,,,ERROR,
2026-06-16,full-stack,full stack developer,BLOCKED,,,ERROR,
2026-06-16,full-stack,django website,BLOCKED,,,ERROR,
2026-06-17,ai-vibe-coding,lovable app,BLOCKED,,,NOT_FOUND,
2026-06-17,ai-vibe-coding,v0 dev,BLOCKED,,,NOT_FOUND,
2026-06-17,ai-vibe-coding,ai web app mvp,BLOCKED,,,NOT_FOUND,
2026-06-17,ai-vibe-coding,vibe coding,BLOCKED,,,ERROR,
2026-06-17,ai-vibe-coding,ai website builder,BLOCKED,,,ERROR,
2026-06-17,bug-fix,fix react bugs,BLOCKED,,,ERROR,
2026-06-17,bug-fix,nextjs bug fix,BLOCKED,,,ERROR,
2026-06-17,bug-fix,fix website bugs,BLOCKED,,,ERROR,
2026-06-17,bug-fix,react error fix,BLOCKED,,,ERROR,
2026-06-17,full-stack,nextjs developer,BLOCKED,,,ERROR,
2026-06-17,full-stack,react web app,BLOCKED,,,ERROR,
2026-06-17,full-stack,full stack developer,BLOCKED,,,ERROR,
2026-06-17,full-stack,django website,BLOCKED,,,ERROR,
2026-06-18,ai-vibe-coding,lovable app,BLOCKED,,,NOT_FOUND,
2026-06-18,ai-vibe-coding,v0 dev,BLOCKED,,,NOT_FOUND,
2026-06-18,ai-vibe-coding,ai web app mvp,BLOCKED,,,ERROR,
2026-06-18,ai-vibe-coding,vibe coding,BLOCKED,,,ERROR,
2026-06-18,ai-vibe-coding,ai website builder,BLOCKED,,,ERROR,
2026-06-18,bug-fix,fix react bugs,BLOCKED,,,ERROR,
2026-06-18,bug-fix,nextjs bug fix,BLOCKED,,,ERROR,
2026-06-18,bug-fix,fix website bugs,BLOCKED,,,ERROR,
2026-06-18,bug-fix,react error fix,BLOCKED,,,ERROR,
2026-06-18,full-stack,nextjs developer,BLOCKED,,,ERROR,
2026-06-18,full-stack,react web app,BLOCKED,,,ERROR,
2026-06-18,full-stack,full stack developer,BLOCKED,,,ERROR,
2026-06-18,full-stack,django website,BLOCKED,,,ERROR,
2026-06-19,ai-vibe-coding,lovable app,BLOCKED,,,NOT_FOUND,
2026-06-19,ai-vibe-coding,v0 dev,BLOCKED,,,NOT_FOUND,
2026-06-19,ai-vibe-coding,ai web app mvp,BLOCKED,,,ERROR,
2026-06-19,ai-vibe-coding,vibe coding,BLOCKED,,,ERROR,
2026-06-19,ai-vibe-coding,ai website builder,BLOCKED,,,ERROR,
2026-06-19,bug-fix,fix react bugs,BLOCKED,,,ERROR,
2026-06-19,bug-fix,nextjs bug fix,BLOCKED,,,ERROR,
2026-06-19,bug-fix,fix website bugs,BLOCKED,,,ERROR,
2026-06-19,bug-fix,react error fix,BLOCKED,,,ERROR,
2026-06-19,full-stack,nextjs developer,BLOCKED,,,ERROR,
2026-06-19,full-stack,react web app,BLOCKED,,,ERROR,
2026-06-19,full-stack,full stack developer,BLOCKED,,,ERROR,
2026-06-19,full-stack,django website,BLOCKED,,,ERROR,
2026-06-20,ai-vibe-coding,lovable app,BLOCKED,,,NOT_FOUND,
2026-06-20,ai-vibe-coding,v0 dev,BLOCKED,,,NOT_FOUND,
2026-06-20,ai-vibe-coding,ai web app mvp,BLOCKED,,,ERROR,
2026-06-20,ai-vibe-coding,vibe coding,BLOCKED,,,ERROR,
2026-06-20,ai-vibe-coding,ai website builder,BLOCKED,,,ERROR,
2026-06-20,bug-fix,fix react bugs,BLOCKED,,,ERROR,
2026-06-20,bug-fix,nextjs bug fix,BLOCKED,,,ERROR,
2026-06-20,bug-fix,fix website bugs,BLOCKED,,,ERROR,
2026-06-20,bug-fix,react error fix,BLOCKED,,,ERROR,
2026-06-20,full-stack,nextjs developer,BLOCKED,,,ERROR,
2026-06-20,full-stack,react web app,BLOCKED,,,ERROR,
2026-06-20,full-stack,full stack developer,BLOCKED,,,ERROR,
2026-06-20,full-stack,django website,BLOCKED,,,ERROR,
2026-06-21,ai-vibe-coding,lovable app,BLOCKED,,,NOT_FOUND,
2026-06-21,ai-vibe-coding,v0 dev,BLOCKED,,,NOT_FOUND,
2026-06-21,ai-vibe-coding,ai web app mvp,BLOCKED,,,ERROR,
2026-06-21,ai-vibe-coding,vibe coding,BLOCKED,,,ERROR,
2026-06-21,ai-vibe-coding,ai website builder,BLOCKED,,,ERROR,
2026-06-21,bug-fix,fix react bugs,BLOCKED,,,ERROR,
2026-06-21,bug-fix,nextjs bug fix,BLOCKED,,,ERROR,
2026-06-21,bug-fix,fix website bugs,BLOCKED,,,ERROR,
2026-06-21,bug-fix,react error fix,BLOCKED,,,ERROR,
2026-06-21,full-stack,nextjs developer,BLOCKED,,,ERROR,
2026-06-21,full-stack,react web app,BLOCKED,,,ERROR,
2026-06-21,full-stack,full stack developer,BLOCKED,,,ERROR,
2026-06-21,full-stack,django website,BLOCKED,,,ERROR,
2026-06-22,ai-vibe-coding,lovable app,BLOCKED,,,NOT_FOUND,
2026-06-22,ai-vibe-coding,v0 dev,BLOCKED,,,NOT_FOUND,
2026-06-22,ai-vibe-coding,ai web app mvp,BLOCKED,,,ERROR,
2026-06-22,ai-vibe-coding,vibe coding,BLOCKED,,,ERROR,
2026-06-22,ai-vibe-coding,ai website builder,BLOCKED,,,ERROR,
2026-06-22,bug-fix,fix react bugs,BLOCKED,,,ERROR,
2026-06-22,bug-fix,nextjs bug fix,BLOCKED,,,ERROR,
2026-06-22,bug-fix,fix website bugs,BLOCKED,,,ERROR,
2026-06-22,bug-fix,react error fix,BLOCKED,,,ERROR,
2026-06-22,full-stack,nextjs developer,BLOCKED,,,ERROR,
2026-06-22,full-stack,react web app,BLOCKED,,,ERROR,
2026-06-22,full-stack,full stack developer,BLOCKED,,,ERROR,
2026-06-22,full-stack,django website,BLOCKED,,,ERROR,
2026-06-23,ai-vibe-coding,lovable app,BLOCKED,,,NOT_FOUND,
2026-06-23,ai-vibe-coding,v0 dev,BLOCKED,,,NOT_FOUND,
2026-06-23,ai-vibe-coding,ai web app mvp,BLOCKED,,,ERROR,
2026-06-23,ai-vibe-coding,vibe coding,BLOCKED,,,ERROR,
2026-06-23,ai-vibe-coding,ai website builder,BLOCKED,,,ERROR,
2026-06-23,bug-fix,fix react bugs,BLOCKED,,,ERROR,
2026-06-23,bug-fix,nextjs bug fix,BLOCKED,,,ERROR,
2026-06-23,bug-fix,fix website bugs,BLOCKED,,,ERROR,
2026-06-23,bug-fix,react error fix,BLOCKED,,,ERROR,
2026-06-23,full-stack,nextjs developer,BLOCKED,,,ERROR,
2026-06-23,full-stack,react web app,BLOCKED,,,ERROR,
2026-06-23,full-stack,full stack developer,BLOCKED,,,ERROR,
2026-06-23,full-stack,django website,BLOCKED,,,ERROR,
2026-06-24,ai-vibe-coding,lovable app,BLOCKED,,,NOT_FOUND,
2026-06-24,ai-vibe-coding,v0 dev,BLOCKED,,,NOT_FOUND,
2026-06-24,ai-vibe-coding,ai web app mvp,BLOCKED,,,ERROR,
2026-06-24,ai-vibe-coding,vibe coding,BLOCKED,,,ERROR,
2026-06-24,ai-vibe-coding,ai website builder,BLOCKED,,,ERROR,
2026-06-24,bug-fix,fix react bugs,BLOCKED,,,ERROR,
2026-06-24,bug-fix,nextjs bug fix,BLOCKED,,,ERROR,
2026-06-24,bug-fix,fix website bugs,BLOCKED,,,ERROR,
2026-06-24,bug-fix,react error fix,BLOCKED,,,ERROR,
2026-06-24,full-stack,nextjs developer,BLOCKED,,,ERROR,
2026-06-24,full-stack,react web app,BLOCKED,,,ERROR,
2026-06-24,full-stack,full stack developer,BLOCKED,,,ERROR,
2026-06-24,full-stack,django website,BLOCKED,,,ERROR,
2026-06-25,ai-vibe-coding,lovable app,BLOCKED,,,NOT_FOUND,
2026-06-25,ai-vibe-coding,v0 dev,BLOCKED,,,NOT_FOUND,
2026-06-25,ai-vibe-coding,ai web app mvp,BLOCKED,,,ERROR,
2026-06-25,ai-vibe-coding,vibe coding,BLOCKED,,,ERROR,
2026-06-25,ai-vibe-coding,ai website builder,BLOCKED,,,ERROR,
2026-06-25,bug-fix,fix react bugs,BLOCKED,,,ERROR,
2026-06-25,bug-fix,nextjs bug fix,BLOCKED,,,ERROR,
2026-06-25,bug-fix,fix website bugs,BLOCKED,,,ERROR,
2026-06-25,bug-fix,react error fix,BLOCKED,,,ERROR,
2026-06-25,full-stack,nextjs developer,BLOCKED,,,ERROR,
2026-06-25,full-stack,react web app,BLOCKED,,,ERROR,
2026-06-25,full-stack,full stack developer,BLOCKED,,,ERROR,
2026-06-25,full-stack,django website,BLOCKED,,,ERROR,
2026-06-26,ai-vibe-coding,lovable app,BLOCKED,,,NOT_FOUND,
2026-06-26,ai-vibe-coding,v0 dev,BLOCKED,,,NOT_FOUND,
2026-06-26,ai-vibe-coding,ai web app mvp,BLOCKED,,,ERROR,
2026-06-26,ai-vibe-coding,vibe coding,BLOCKED,,,ERROR,
2026-06-26,ai-vibe-coding,ai website builder,BLOCKED,,,ERROR,
2026-06-26,bug-fix,fix react bugs,BLOCKED,,,ERROR,
2026-06-26,bug-fix,nextjs bug fix,BLOCKED,,,ERROR,
2026-06-26,bug-fix,fix website bugs,BLOCKED,,,ERROR,
2026-06-26,bug-fix,react error fix,BLOCKED,,,ERROR,
2026-06-26,full-stack,nextjs developer,BLOCKED,,,ERROR,
2026-06-26,full-stack,react web app,BLOCKED,,,ERROR,
2026-06-26,full-stack,full stack developer,BLOCKED,,,ERROR,
2026-06-26,full-stack,django website,BLOCKED,,,ERROR,
2026-06-27,ai-vibe-coding,lovable app,BLOCKED,,,NOT_FOUND,
2026-06-27,ai-vibe-coding,v0 dev,BLOCKED,,,NOT_FOUND,
2026-06-27,ai-vibe-coding,ai web app mvp,BLOCKED,,,ERROR,
2026-06-27,ai-vibe-coding,vibe coding,BLOCKED,,,ERROR,
2026-06-27,ai-vibe-coding,ai website builder,BLOCKED,,,ERROR,
2026-06-27,bug-fix,fix react bugs,BLOCKED,,,ERROR,
2026-06-27,bug-fix,nextjs bug fix,BLOCKED,,,ERROR,
2026-06-27,bug-fix,fix website bugs,BLOCKED,,,ERROR,
2026-06-27,bug-fix,react error fix,BLOCKED,,,ERROR,
2026-06-27,full-stack,nextjs developer,BLOCKED,,,ERROR,
2026-06-27,full-stack,react web app,BLOCKED,,,ERROR,
2026-06-27,full-stack,full stack developer,BLOCKED,,,ERROR,
2026-06-27,full-stack,django website,BLOCKED,,,ERROR,
2026-06-28,ai-vibe-coding,lovable app,BLOCKED,,,NOT_FOUND,
2026-06-28,ai-vibe-coding,v0 dev,BLOCKED,,,NOT_FOUND,
2026-06-28,ai-vibe-coding,ai web app mvp,BLOCKED,,,ERROR,
2026-06-28,ai-vibe-coding,vibe coding,BLOCKED,,,ERROR,
2026-06-28,ai-vibe-coding,ai website builder,BLOCKED,,,ERROR,
2026-06-28,bug-fix,fix react bugs,BLOCKED,,,ERROR,
2026-06-28,bug-fix,nextjs bug fix,BLOCKED,,,ERROR,
2026-06-28,bug-fix,fix website bugs,BLOCKED,,,ERROR,
2026-06-28,bug-fix,react error fix,BLOCKED,,,ERROR,
2026-06-28,full-stack,nextjs developer,BLOCKED,,,ERROR,
2026-06-28,full-stack,react web app,BLOCKED,,,ERROR,
2026-06-28,full-stack,full stack developer,BLOCKED,,,ERROR,
2026-06-28,full-stack,django website,BLOCKED,,,ERROR,
2026-06-29,ai-vibe-coding,lovable app,BLOCKED,,,NOT_FOUND,
2026-06-29,ai-vibe-coding,v0 dev,BLOCKED,,,NOT_FOUND,
2026-06-29,ai-vibe-coding,ai web app mvp,BLOCKED,,,ERROR,
2026-06-29,ai-vibe-coding,vibe coding,BLOCKED,,,ERROR,
2026-06-29,ai-vibe-coding,ai website builder,BLOCKED,,,ERROR,
2026-06-29,bug-fix,fix react bugs,BLOCKED,,,ERROR,
2026-06-29,bug-fix,nextjs bug fix,BLOCKED,,,ERROR,
2026-06-29,bug-fix,fix website bugs,BLOCKED,,,ERROR,
2026-06-29,bug-fix,react error fix,BLOCKED,,,ERROR,
2026-06-29,full-stack,nextjs developer,BLOCKED,,,ERROR,
2026-06-29,full-stack,react web app,BLOCKED,,,ERROR,
2026-06-29,full-stack,full stack developer,BLOCKED,,,ERROR,
2026-06-29,full-stack,django website,BLOCKED,,,ERROR,
2026-06-30,ai-vibe-coding,lovable app,BLOCKED,,,NOT_FOUND,
2026-06-30,ai-vibe-coding,v0 dev,BLOCKED,,,NOT_FOUND,
2026-06-30,ai-vibe-coding,ai web app mvp,BLOCKED,,,ERROR,
2026-06-30,ai-vibe-coding,vibe coding,BLOCKED,,,ERROR,
2026-06-30,ai-vibe-coding,ai website builder,BLOCKED,,,ERROR,
2026-06-30,bug-fix,fix react bugs,BLOCKED,,,ERROR,
2026-06-30,bug-fix,nextjs bug fix,BLOCKED,,,ERROR,
2026-06-30,bug-fix,fix website bugs,BLOCKED,,,ERROR,
2026-06-30,bug-fix,react error fix,BLOCKED,,,ERROR,
2026-06-30,full-stack,nextjs developer,BLOCKED,,,ERROR,
2026-06-30,full-stack,react web app,BLOCKED,,,ERROR,
2026-06-30,full-stack,full stack developer,BLOCKED,,,ERROR,
2026-06-30,full-stack,django website,BLOCKED,,,ERROR,
2026-07-01,ai-vibe-coding,lovable app,BLOCKED,,,NOT_FOUND,
2026-07-01,ai-vibe-coding,v0 dev,BLOCKED,,,NOT_FOUND,
2026-07-01,ai-vibe-coding,ai web app mvp,BLOCKED,,,ERROR,
2026-07-01,ai-vibe-coding,vibe coding,BLOCKED,,,ERROR,
2026-07-01,ai-vibe-coding,ai website builder,BLOCKED,,,ERROR,
2026-07-01,bug-fix,fix react bugs,BLOCKED,,,ERROR,
2026-07-01,bug-fix,nextjs bug fix,BLOCKED,,,ERROR,
2026-07-01,bug-fix,fix website bugs,BLOCKED,,,ERROR,
2026-07-01,bug-fix,react error fix,BLOCKED,,,ERROR,
2026-07-01,full-stack,nextjs developer,BLOCKED,,,ERROR,
2026-07-01,full-stack,react web app,BLOCKED,,,ERROR,
2026-07-01,full-stack,full stack developer,BLOCKED,,,ERROR,
2026-07-01,full-stack,django website,BLOCKED,,,ERROR,
2026-07-02,ai-vibe-coding,lovable app,BLOCKED,,,NOT_FOUND,
2026-07-02,ai-vibe-coding,v0 dev,BLOCKED,,,NOT_FOUND,
2026-07-02,ai-vibe-coding,ai web app mvp,BLOCKED,,,ERROR,
2026-07-02,ai-vibe-coding,vibe coding,BLOCKED,,,ERROR,
2026-07-02,ai-vibe-coding,ai website builder,BLOCKED,,,ERROR,
2026-07-02,bug-fix,fix react bugs,BLOCKED,,,ERROR,
2026-07-02,bug-fix,nextjs bug fix,BLOCKED,,,ERROR,
2026-07-02,bug-fix,fix website bugs,BLOCKED,,,ERROR,
2026-07-02,bug-fix,react error fix,BLOCKED,,,ERROR,
2026-07-02,full-stack,nextjs developer,BLOCKED,,,ERROR,
2026-07-02,full-stack,react web app,BLOCKED,,,ERROR,
2026-07-02,full-stack,full stack developer,BLOCKED,,,ERROR,
2026-07-02,full-stack,django website,BLOCKED,,,ERROR,
2026-07-03,ai-vibe-coding,lovable app,BLOCKED,,,NOT_FOUND,
2026-07-03,ai-vibe-coding,v0 dev,BLOCKED,,,NOT_FOUND,
2026-07-03,ai-vibe-coding,ai web app mvp,BLOCKED,,,ERROR,
2026-07-03,ai-vibe-coding,vibe coding,BLOCKED,,,ERROR,
2026-07-03,ai-vibe-coding,ai website builder,BLOCKED,,,ERROR,
2026-07-03,bug-fix,fix react bugs,BLOCKED,,,ERROR,
2026-07-03,bug-fix,nextjs bug fix,BLOCKED,,,ERROR,
2026-07-03,bug-fix,fix website bugs,BLOCKED,,,ERROR,
2026-07-03,bug-fix,react error fix,BLOCKED,,,ERROR,
2026-07-03,full-stack,nextjs developer,BLOCKED,,,ERROR,
2026-07-03,full-stack,react web app,BLOCKED,,,ERROR,
2026-07-03,full-stack,full stack developer,BLOCKED,,,ERROR,
2026-07-03,full-stack,django website,BLOCKED,,,ERROR,
2026-07-04,ai-vibe-coding,lovable app,BLOCKED,,,NOT_FOUND,
2026-07-04,ai-vibe-coding,v0 dev,BLOCKED,,,NOT_FOUND,
2026-07-04,ai-vibe-coding,ai web app mvp,BLOCKED,,,ERROR,
2026-07-04,ai-vibe-coding,vibe coding,BLOCKED,,,ERROR,
2026-07-04,ai-vibe-coding,ai website builder,BLOCKED,,,ERROR,
2026-07-04,bug-fix,fix react bugs,BLOCKED,,,ERROR,
2026-07-04,bug-fix,nextjs bug fix,BLOCKED,,,ERROR,
2026-07-04,bug-fix,fix website bugs,BLOCKED,,,ERROR,
2026-07-04,bug-fix,react error fix,BLOCKED,,,ERROR,
2026-07-04,full-stack,nextjs developer,BLOCKED,,,ERROR,
2026-07-04,full-stack,react web app,BLOCKED,,,ERROR,
2026-07-04,full-stack,full stack developer,BLOCKED,,,ERROR,
2026-07-04,full-stack,django website,BLOCKED,,,ERROR,
2026-07-05,ai-vibe-coding,lovable app,BLOCKED,,,NOT_FOUND,
2026-07-05,ai-vibe-coding,v0 dev,BLOCKED,,,NOT_FOUND,
2026-07-05,ai-vibe-coding,ai web app mvp,BLOCKED,,,ERROR,
2026-07-05,ai-vibe-coding,vibe coding,BLOCKED,,,ERROR,
2026-07-05,ai-vibe-coding,ai website builder,BLOCKED,,,ERROR,
2026-07-05,bug-fix,fix react bugs,BLOCKED,,,ERROR,
2026-07-05,bug-fix,nextjs bug fix,BLOCKED,,,ERROR,
2026-07-05,bug-fix,fix website bugs,BLOCKED,,,ERROR,
2026-07-05,bug-fix,react error fix,BLOCKED,,,ERROR,
2026-07-05,full-stack,nextjs developer,BLOCKED,,,ERROR,
2026-07-05,full-stack,react web app,BLOCKED,,,ERROR,
2026-07-05,full-stack,full stack developer,BLOCKED,,,ERROR,
2026-07-05,full-stack,django website,BLOCKED,,,ERROR,
2026-07-06,ai-vibe-coding,lovable app,BLOCKED,,,NOT_FOUND,
2026-07-06,ai-vibe-coding,v0 dev,BLOCKED,,,NOT_FOUND,
2026-07-06,ai-vibe-coding,ai web app mvp,BLOCKED,,,ERROR,
2026-07-06,ai-vibe-coding,vibe coding,BLOCKED,,,ERROR,
2026-07-06,ai-vibe-coding,ai website builder,BLOCKED,,,ERROR,
2026-07-06,bug-fix,fix react bugs,BLOCKED,,,ERROR,
2026-07-06,bug-fix,nextjs bug fix,BLOCKED,,,ERROR,
2026-07-06,bug-fix,fix website bugs,BLOCKED,,,ERROR,
2026-07-06,bug-fix,react error fix,BLOCKED,,,ERROR,
2026-07-06,full-stack,nextjs developer,BLOCKED,,,ERROR,
2026-07-06,full-stack,react web app,BLOCKED,,,ERROR,
2026-07-06,full-stack,full stack developer,BLOCKED,,,ERROR,
2026-07-06,full-stack,django website,BLOCKED,,,ERROR,
2026-07-07,ai-vibe-coding,lovable app,BLOCKED,,,NOT_FOUND,
2026-07-07,ai-vibe-coding,v0 dev,BLOCKED,,,NOT_FOUND,
2026-07-07,ai-vibe-coding,ai web app mvp,BLOCKED,,,ERROR,
2026-07-07,ai-vibe-coding,vibe coding,BLOCKED,,,ERROR,
2026-07-07,ai-vibe-coding,ai website builder,BLOCKED,,,ERROR,
2026-07-07,bug-fix,fix react bugs,BLOCKED,,,ERROR,
2026-07-07,bug-fix,nextjs bug fix,BLOCKED,,,ERROR,
2026-07-07,bug-fix,fix website bugs,BLOCKED,,,ERROR,
2026-07-07,bug-fix,react error fix,BLOCKED,,,ERROR,
2026-07-07,full-stack,nextjs developer,BLOCKED,,,ERROR,
2026-07-07,full-stack,react web app,BLOCKED,,,ERROR,
2026-07-07,full-stack,full stack developer,BLOCKED,,,ERROR,
2026-07-07,full-stack,django website,BLOCKED,,,ERROR,
2026-07-08,ai-vibe-coding,lovable app,BLOCKED,,,NOT_FOUND,
2026-07-08,ai-vibe-coding,v0 dev,BLOCKED,,,NOT_FOUND,
2026-07-08,ai-vibe-coding,ai web app mvp,BLOCKED,,,ERROR,
2026-07-08,ai-vibe-coding,vibe coding,BLOCKED,,,ERROR,
2026-07-08,ai-vibe-coding,ai website builder,BLOCKED,,,ERROR,
2026-07-08,bug-fix,fix react bugs,BLOCKED,,,ERROR,
2026-07-08,bug-fix,nextjs bug fix,BLOCKED,,,ERROR,
2026-07-08,bug-fix,fix website bugs,BLOCKED,,,ERROR,
2026-07-08,bug-fix,react error fix,BLOCKED,,,ERROR,
2026-07-08,full-stack,nextjs developer,BLOCKED,,,ERROR,
2026-07-08,full-stack,react web app,BLOCKED,,,ERROR,
2026-07-08,full-stack,full stack developer,BLOCKED,,,ERROR,
2026-07-08,full-stack,django website,BLOCKED,,,ERROR,
2026-07-09,ai-vibe-coding,lovable app,BLOCKED,,,NOT_FOUND,
2026-07-09,ai-vibe-coding,v0 dev,BLOCKED,,,NOT_FOUND,
2026-07-09,ai-vibe-coding,ai web app mvp,BLOCKED,,,ERROR,
2026-07-09,ai-vibe-coding,vibe coding,BLOCKED,,,ERROR,
2026-07-09,ai-vibe-coding,ai website builder,BLOCKED,,,ERROR,
2026-07-09,bug-fix,fix react bugs,BLOCKED,,,ERROR,
2026-07-09,bug-fix,nextjs bug fix,BLOCKED,,,ERROR,
2026-07-09,bug-fix,fix website bugs,BLOCKED,,,ERROR,
2026-07-09,bug-fix,react error fix,BLOCKED,,,ERROR,
2026-07-09,full-stack,nextjs developer,BLOCKED,,,ERROR,
2026-07-09,full-stack,react web app,BLOCKED,,,ERROR,
2026-07-09,full-stack,full stack developer,BLOCKED,,,ERROR,
2026-07-09,full-stack,django website,BLOCKED,,,ERROR,
2026-07-10,ai-vibe-coding,lovable app,BLOCKED,,,NOT_FOUND,
2026-07-10,ai-vibe-coding,v0 dev,BLOCKED,,,NOT_FOUND,
2026-07-10,ai-vibe-coding,ai web app mvp,BLOCKED,,,ERROR,
2026-07-10,ai-vibe-coding,vibe coding,BLOCKED,,,ERROR,
2026-07-10,ai-vibe-coding,ai website builder,BLOCKED,,,ERROR,
2026-07-10,bug-fix,fix react bugs,BLOCKED,,,ERROR,
2026-07-10,bug-fix,nextjs bug fix,BLOCKED,,,ERROR,
2026-07-10,bug-fix,fix website bugs,BLOCKED,,,ERROR,
2026-07-10,bug-fix,react error fix,BLOCKED,,,ERROR,
2026-07-10,full-stack,nextjs developer,BLOCKED,,,ERROR,
2026-07-10,full-stack,react web app,BLOCKED,,,ERROR,
2026-07-10,full-stack,full stack developer,BLOCKED,,,ERROR,
2026-07-10,full-stack,django website,BLOCKED,,,ERROR,
2026-07-11,ai-vibe-coding,lovable app,BLOCKED,,,NOT_FOUND,
2026-07-11,ai-vibe-coding,v0 dev,BLOCKED,,,NOT_FOUND,
2026-07-11,ai-vibe-coding,ai web app mvp,BLOCKED,,,ERROR,
2026-07-11,ai-vibe-coding,vibe coding,BLOCKED,,,ERROR,
2026-07-11,ai-vibe-coding,ai website builder,BLOCKED,,,ERROR,
2026-07-11,bug-fix,fix react bugs,BLOCKED,,,ERROR,
2026-07-11,bug-fix,nextjs bug fix,BLOCKED,,,ERROR,
2026-07-11,bug-fix,fix website bugs,BLOCKED,,,ERROR,
2026-07-11,bug-fix,react error fix,BLOCKED,,,ERROR,
2026-07-11,full-stack,nextjs developer,BLOCKED,,,ERROR,
2026-07-11,full-stack,react web app,BLOCKED,,,ERROR,
2026-07-11,full-stack,full stack developer,BLOCKED,,,ERROR,
2026-07-11,full-stack,django website,BLOCKED,,,ERROR,
2026-07-12,ai-vibe-coding,lovable app,BLOCKED,,,NOT_FOUND,
2026-07-12,ai-vibe-coding,v0 dev,BLOCKED,,,NOT_FOUND,
2026-07-12,ai-vibe-coding,ai web app mvp,BLOCKED,,,ERROR,
2026-07-12,ai-vibe-coding,vibe coding,BLOCKED,,,ERROR,
2026-07-12,ai-vibe-coding,ai website builder,BLOCKED,,,ERROR,
2026-07-12,bug-fix,fix react bugs,BLOCKED,,,ERROR,
2026-07-12,bug-fix,nextjs bug fix,BLOCKED,,,ERROR,
2026-07-12,bug-fix,fix website bugs,BLOCKED,,,ERROR,
2026-07-12,bug-fix,react error fix,BLOCKED,,,ERROR,
2026-07-12,full-stack,nextjs developer,BLOCKED,,,ERROR,
2026-07-12,full-stack,react web app,BLOCKED,,,ERROR,
2026-07-12,full-stack,full stack developer,BLOCKED,,,ERROR,
2026-07-12,full-stack,django website,BLOCKED,,,ERROR,
2026-07-13,ai-vibe-coding,lovable app,BLOCKED,,,NOT_FOUND,
2026-07-13,ai-vibe-coding,v0 dev,BLOCKED,,,NOT_FOUND,
2026-07-13,ai-vibe-coding,ai web app mvp,BLOCKED,,,ERROR,
2026-07-13,ai-vibe-coding,vibe coding,BLOCKED,,,ERROR,
2026-07-13,ai-vibe-coding,ai website builder,BLOCKED,,,ERROR,
2026-07-13,bug-fix,fix react bugs,BLOCKED,,,ERROR,
2026-07-13,bug-fix,nextjs bug fix,BLOCKED,,,ERROR,
2026-07-13,bug-fix,fix website bugs,BLOCKED,,,ERROR,
2026-07-13,bug-fix,react error fix,BLOCKED,,,ERROR,
2026-07-13,full-stack,nextjs developer,BLOCKED,,,ERROR,
2026-07-13,full-stack,react web app,BLOCKED,,,ERROR,
2026-07-13,full-stack,full stack developer,BLOCKED,,,ERROR,
2026-07-13,full-stack,django website,BLOCKED,,,ERROR,
2026-07-14,ai-vibe-coding,lovable app,BLOCKED,,,ERROR,
2026-07-14,ai-vibe-coding,v0 dev,BLOCKED,,,NOT_FOUND,
2026-07-14,ai-vibe-coding,ai web app mvp,BLOCKED,,,NOT_FOUND,
2026-07-14,ai-vibe-coding,vibe coding,BLOCKED,,,ERROR,
2026-07-14,ai-vibe-coding,ai website builder,BLOCKED,,,ERROR,
2026-07-14,bug-fix,fix react bugs,BLOCKED,,,ERROR,
2026-07-14,bug-fix,nextjs bug fix,BLOCKED,,,ERROR,
2026-07-14,bug-fix,fix website bugs,BLOCKED,,,ERROR,
2026-07-14,bug-fix,react error fix,BLOCKED,,,ERROR,
2026-07-14,full-stack,nextjs developer,BLOCKED,,,ERROR,
2026-07-14,full-stack,react web app,BLOCKED,,,ERROR,
2026-07-14,full-stack,full stack developer,BLOCKED,,,ERROR,
2026-07-14,full-stack,django website,BLOCKED,,,ERROR,
2026-07-15,ai-vibe-coding,lovable app,BLOCKED,,,NOT_FOUND,
2026-07-15,ai-vibe-coding,v0 dev,BLOCKED,,,NOT_FOUND,
2026-07-15,ai-vibe-coding,ai web app mvp,BLOCKED,,,ERROR,
2026-07-15,ai-vibe-coding,vibe coding,BLOCKED,,,ERROR,
2026-07-15,ai-vibe-coding,ai website builder,BLOCKED,,,ERROR,
2026-07-15,bug-fix,fix react bugs,BLOCKED,,,ERROR,
2026-07-15,bug-fix,nextjs bug fix,BLOCKED,,,ERROR,
2026-07-15,bug-fix,fix website bugs,BLOCKED,,,ERROR,
2026-07-15,bug-fix,react error fix,BLOCKED,,,ERROR,
2026-07-15,full-stack,nextjs developer,BLOCKED,,,ERROR,
2026-07-15,full-stack,react web app,BLOCKED,,,ERROR,
2026-07-15,full-stack,full stack developer,BLOCKED,,,ERROR,
2026-07-15,full-stack,django website,BLOCKED,,,ERROR,
2026-07-16,ai-vibe-coding,lovable app,BLOCKED,,,NOT_FOUND,
2026-07-16,ai-vibe-coding,v0 dev,BLOCKED,,,NOT_FOUND,
2026-07-16,ai-vibe-coding,ai web app mvp,BLOCKED,,,ERROR,
2026-07-16,ai-vibe-coding,vibe coding,BLOCKED,,,ERROR,
2026-07-16,ai-vibe-coding,ai website builder,BLOCKED,,,ERROR,
2026-07-16,bug-fix,fix react bugs,BLOCKED,,,ERROR,
2026-07-16,bug-fix,nextjs bug fix,BLOCKED,,,ERROR,
2026-07-16,bug-fix,fix website bugs,BLOCKED,,,ERROR,
2026-07-16,bug-fix,react error fix,BLOCKED,,,ERROR,
2026-07-16,full-stack,nextjs developer,BLOCKED,,,ERROR,
2026-07-16,full-stack,react web app,BLOCKED,,,ERROR,
2026-07-16,full-stack,full stack developer,BLOCKED,,,ERROR,
2026-07-16,full-stack,django website,BLOCKED,,,ERROR,
2026-07-17,ai-vibe-coding,lovable app,BLOCKED,,,NOT_FOUND,
2026-07-17,ai-vibe-coding,v0 dev,BLOCKED,,,NOT_FOUND,
2026-07-17,ai-vibe-coding,ai web app mvp,BLOCKED,,,ERROR,
2026-07-17,ai-vibe-coding,vibe coding,BLOCKED,,,ERROR,
2026-07-17,ai-vibe-coding,ai website builder,BLOCKED,,,ERROR,
2026-07-17,bug-fix,fix react bugs,BLOCKED,,,ERROR,
2026-07-17,bug-fix,nextjs bug fix,BLOCKED,,,ERROR,
2026-07-17,bug-fix,fix website bugs,BLOCKED,,,ERROR,
2026-07-17,bug-fix,react error fix,BLOCKED,,,ERROR,
2026-07-17,full-stack,nextjs developer,BLOCKED,,,ERROR,
2026-07-17,full-stack,react web app,BLOCKED,,,ERROR,
2026-07-17,full-stack,full stack developer,BLOCKED,,,ERROR,
2026-07-17,full-stack,django website,BLOCKED,,,ERROR,
2026-07-18,ai-vibe-coding,lovable app,BLOCKED,,,NOT_FOUND,
2026-07-18,ai-vibe-coding,v0 dev,BLOCKED,,,NOT_FOUND,
2026-07-18,ai-vibe-coding,ai web app mvp,BLOCKED,,,ERROR,
2026-07-18,ai-vibe-coding,vibe coding,BLOCKED,,,ERROR,
2026-07-18,ai-vibe-coding,ai website builder,BLOCKED,,,ERROR,
2026-07-18,bug-fix,fix react bugs,BLOCKED,,,ERROR,
2026-07-18,bug-fix,nextjs bug fix,BLOCKED,,,ERROR,
2026-07-18,bug-fix,fix website bugs,BLOCKED,,,ERROR,
2026-07-18,bug-fix,react error fix,BLOCKED,,,ERROR,
2026-07-18,full-stack,nextjs developer,BLOCKED,,,ERROR,
2026-07-18,full-stack,react web app,BLOCKED,,,ERROR,
2026-07-18,full-stack,full stack developer,BLOCKED,,,ERROR,
2026-07-18,full-stack,django website,BLOCKED,,,ERROR,
2026-07-19,ai-vibe-coding,lovable app,BLOCKED,,,NOT_FOUND,
2026-07-19,ai-vibe-coding,v0 dev,BLOCKED,,,NOT_FOUND,
2026-07-19,ai-vibe-coding,ai web app mvp,BLOCKED,,,ERROR,
2026-07-19,ai-vibe-coding,vibe coding,BLOCKED,,,ERROR,
2026-07-19,ai-vibe-coding,ai website builder,BLOCKED,,,ERROR,
2026-07-19,bug-fix,fix react bugs,BLOCKED,,,ERROR,
2026-07-19,bug-fix,nextjs bug fix,BLOCKED,,,ERROR,
2026-07-19,bug-fix,fix website bugs,BLOCKED,,,ERROR,
2026-07-19,bug-fix,react error fix,BLOCKED,,,ERROR,
2026-07-19,full-stack,nextjs developer,BLOCKED,,,ERROR,
2026-07-19,full-stack,react web app,BLOCKED,,,ERROR,
2026-07-19,full-stack,full stack developer,BLOCKED,,,ERROR,
2026-07-19,full-stack,django website,BLOCKED,,,ERROR,
2026-07-20,ai-vibe-coding,lovable app,BLOCKED,,,NOT_FOUND,
2026-07-20,ai-vibe-coding,v0 dev,BLOCKED,,,NOT_FOUND,
2026-07-20,ai-vibe-coding,ai web app mvp,BLOCKED,,,ERROR,
2026-07-20,ai-vibe-coding,vibe coding,BLOCKED,,,ERROR,
2026-07-20,ai-vibe-coding,ai website builder,BLOCKED,,,ERROR,
2026-07-20,bug-fix,fix react bugs,BLOCKED,,,ERROR,
2026-07-20,bug-fix,nextjs bug fix,BLOCKED,,,ERROR,
2026-07-20,bug-fix,fix website bugs,BLOCKED,,,ERROR,
2026-07-20,bug-fix,react error fix,BLOCKED,,,ERROR,
2026-07-20,full-stack,nextjs developer,BLOCKED,,,ERROR,
2026-07-20,full-stack,react web app,BLOCKED,,,ERROR,
2026-07-20,full-stack,full stack developer,BLOCKED,,,ERROR,
2026-07-20,full-stack,django website,BLOCKED,,,ERROR,
2026-07-21,ai-vibe-coding,lovable app,BLOCKED,,,NOT_FOUND,
2026-07-21,ai-vibe-coding,v0 dev,BLOCKED,,,NOT_FOUND,
2026-07-21,ai-vibe-coding,ai web app mvp,BLOCKED,,,ERROR,
2026-07-21,ai-vibe-coding,vibe coding,BLOCKED,,,ERROR,
2026-07-21,ai-vibe-coding,ai website builder,BLOCKED,,,ERROR,
2026-07-21,bug-fix,fix react bugs,BLOCKED,,,ERROR,
2026-07-21,bug-fix,nextjs bug fix,BLOCKED,,,ERROR,
2026-07-21,bug-fix,fix website bugs,BLOCKED,,,ERROR,
2026-07-21,bug-fix,react error fix,BLOCKED,,,ERROR,
2026-07-21,full-stack,nextjs developer,BLOCKED,,,ERROR,
2026-07-21,full-stack,react web app,BLOCKED,,,ERROR,
2026-07-21,full-stack,full stack developer,BLOCKED,,,ERROR,
2026-07-21,full-stack,django website,BLOCKED,,,ERROR,
2026-07-22,ai-vibe-coding,lovable app,BLOCKED,,,NOT_FOUND,
2026-07-22,ai-vibe-coding,v0 dev,BLOCKED,,,NOT_FOUND,
2026-07-22,ai-vibe-coding,ai web app mvp,BLOCKED,,,ERROR,
2026-07-22,ai-vibe-coding,vibe coding,BLOCKED,,,ERROR,
2026-07-22,ai-vibe-coding,ai website builder,BLOCKED,,,ERROR,
2026-07-22,bug-fix,fix react bugs,BLOCKED,,,ERROR,
2026-07-22,bug-fix,nextjs bug fix,BLOCKED,,,ERROR,
2026-07-22,bug-fix,fix website bugs,BLOCKED,,,ERROR,
2026-07-22,bug-fix,react error fix,BLOCKED,,,ERROR,
2026-07-22,full-stack,nextjs developer,BLOCKED,,,ERROR,
2026-07-22,full-stack,react web app,BLOCKED,,,ERROR,
2026-07-22,full-stack,full stack developer,BLOCKED,,,ERROR,
2026-07-22,full-stack,django website,BLOCKED,,,ERROR,
2026-07-23,ai-vibe-coding,lovable app,BLOCKED,,,NOT_FOUND,
2026-07-23,ai-vibe-coding,v0 dev,BLOCKED,,,NOT_FOUND,
2026-07-23,ai-vibe-coding,ai web app mvp,BLOCKED,,,ERROR,
2026-07-23,ai-vibe-coding,vibe coding,BLOCKED,,,ERROR,
2026-07-23,ai-vibe-coding,ai website builder,BLOCKED,,,ERROR,
2026-07-23,bug-fix,fix react bugs,BLOCKED,,,ERROR,
2026-07-23,bug-fix,nextjs bug fix,BLOCKED,,,ERROR,
2026-07-23,bug-fix,fix website bugs,BLOCKED,,,ERROR,
2026-07-23,bug-fix,react error fix,BLOCKED,,,ERROR,
2026-07-23,full-stack,nextjs developer,BLOCKED,,,ERROR,
2026-07-23,full-stack,react web app,BLOCKED,,,ERROR,
2026-07-23,full-stack,full stack developer,BLOCKED,,,ERROR,
2026-07-23,full-stack,django website,BLOCKED,,,ERROR,
2026-07-24,ai-vibe-coding,lovable app,BLOCKED,,,NOT_FOUND,
2026-07-24,ai-vibe-coding,v0 dev,BLOCKED,,,NOT_FOUND,
2026-07-24,ai-vibe-coding,ai web app mvp,BLOCKED,,,ERROR,
2026-07-24,ai-vibe-coding,vibe coding,BLOCKED,,,ERROR,
2026-07-24,ai-vibe-coding,ai website builder,BLOCKED,,,ERROR,
2026-07-24,bug-fix,fix react bugs,BLOCKED,,,ERROR,
2026-07-24,bug-fix,nextjs bug fix,BLOCKED,,,ERROR,
2026-07-24,bug-fix,fix website bugs,BLOCKED,,,ERROR,
2026-07-24,bug-fix,react error fix,BLOCKED,,,ERROR,
2026-07-24,full-stack,nextjs developer,BLOCKED,,,ERROR,
2026-07-24,full-stack,react web app,BLOCKED,,,ERROR,
2026-07-24,full-stack,full stack developer,BLOCKED,,,ERROR,
2026-07-24,full-stack,django website,BLOCKED,,,ERROR,
2026-07-25,ai-vibe-coding,lovable app,BLOCKED,,,NOT_FOUND,
2026-07-25,ai-vibe-coding,v0 dev,BLOCKED,,,NOT_FOUND,
2026-07-25,ai-vibe-coding,ai web app mvp,BLOCKED,,,ERROR,
2026-07-25,ai-vibe-coding,vibe coding,BLOCKED,,,ERROR,
2026-07-25,ai-vibe-coding,ai website builder,BLOCKED,,,ERROR,
2026-07-25,bug-fix,fix react bugs,BLOCKED,,,ERROR,
2026-07-25,bug-fix,nextjs bug fix,BLOCKED,,,ERROR,
2026-07-25,bug-fix,fix website bugs,BLOCKED,,,ERROR,
2026-07-25,bug-fix,react error fix,BLOCKED,,,ERROR,
2026-07-25,full-stack,nextjs developer,BLOCKED,,,ERROR,
2026-07-25,full-stack,react web app,BLOCKED,,,ERROR,
2026-07-25,full-stack,full stack developer,BLOCKED,,,ERROR,
2026-07-25,full-stack,django website,BLOCKED,,,ERROR,
2026-07-26,ai-vibe-coding,lovable app,BLOCKED,,,NOT_FOUND,
2026-07-26,ai-vibe-coding,v0 dev,BLOCKED,,,NOT_FOUND,
2026-07-26,ai-vibe-coding,ai web app mvp,BLOCKED,,,ERROR,
2026-07-26,ai-vibe-coding,vibe coding,BLOCKED,,,ERROR,
2026-07-26,ai-vibe-coding,ai website builder,BLOCKED,,,ERROR,
2026-07-26,bug-fix,fix react bugs,BLOCKED,,,ERROR,
2026-07-26,bug-fix,nextjs bug fix,BLOCKED,,,ERROR,
2026-07-26,bug-fix,fix website bugs,BLOCKED,,,ERROR,
2026-07-26,bug-fix,react error fix,BLOCKED,,,ERROR,
2026-07-26,full-stack,nextjs developer,BLOCKED,,,ERROR,
2026-07-26,full-stack,react web app,BLOCKED,,,ERROR,
2026-07-26,full-stack,full stack developer,BLOCKED,,,ERROR,
2026-07-26,full-stack,django website,BLOCKED,,,ERROR,
2026-07-27,ai-vibe-coding,lovable app,BLOCKED,,,NOT_FOUND,
2026-07-27,ai-vibe-coding,v0 dev,BLOCKED,,,NOT_FOUND,
2026-07-27,ai-vibe-coding,ai web app mvp,BLOCKED,,,ERROR,
2026-07-27,ai-vibe-coding,vibe coding,BLOCKED,,,ERROR,
2026-07-27,ai-vibe-coding,ai website builder,BLOCKED,,,ERROR,
2026-07-27,bug-fix,fix react bugs,BLOCKED,,,ERROR,
2026-07-27,bug-fix,nextjs bug fix,BLOCKED,,,ERROR,
2026-07-27,bug-fix,fix website bugs,BLOCKED,,,ERROR,
2026-07-27,bug-fix,react error fix,BLOCKED,,,ERROR,
2026-07-27,full-stack,nextjs developer,BLOCKED,,,ERROR,
2026-07-27,full-stack,react web app,BLOCKED,,,ERROR,
2026-07-27,full-stack,full stack developer,BLOCKED,,,ERROR,
2026-07-27,full-stack,django website,BLOCKED,,,ERROR,
2026-07-28,ai-vibe-coding,lovable app,BLOCKED,,,NOT_FOUND,
2026-07-28,ai-vibe-coding,v0 dev,BLOCKED,,,NOT_FOUND,
2026-07-28,ai-vibe-coding,ai web app mvp,BLOCKED,,,ERROR,
2026-07-28,ai-vibe-coding,vibe coding,BLOCKED,,,ERROR,
2026-07-28,ai-vibe-coding,ai website builder,BLOCKED,,,ERROR,
2026-07-28,bug-fix,fix react bugs,BLOCKED,,,ERROR,
2026-07-28,bug-fix,nextjs bug fix,BLOCKED,,,ERROR,
2026-07-28,bug-fix,fix website bugs,BLOCKED,,,ERROR,
2026-07-28,bug-fix,react error fix,BLOCKED,,,ERROR,
2026-07-28,full-stack,nextjs developer,BLOCKED,,,ERROR,
2026-07-28,full-stack,react web app,BLOCKED,,,ERROR,
2026-07-28,full-stack,full stack developer,BLOCKED,,,ERROR,
2026-07-28,full-stack,django website,BLOCKED,,,ERROR,
2026-07-29,ai-vibe-coding,lovable app,BLOCKED,,,NOT_FOUND,
2026-07-29,ai-vibe-coding,v0 dev,BLOCKED,,,NOT_FOUND,
2026-07-29,ai-vibe-coding,ai web app mvp,BLOCKED,,,ERROR,
2026-07-29,ai-vibe-coding,vibe coding,BLOCKED,,,ERROR,
2026-07-29,ai-vibe-coding,ai website builder,BLOCKED,,,ERROR,
2026-07-29,bug-fix,fix react bugs,BLOCKED,,,ERROR,
2026-07-29,bug-fix,nextjs bug fix,BLOCKED,,,ERROR,
2026-07-29,bug-fix,fix website bugs,BLOCKED,,,ERROR,
2026-07-29,bug-fix,react error fix,BLOCKED,,,ERROR,
2026-07-29,full-stack,nextjs developer,BLOCKED,,,ERROR,
2026-07-29,full-stack,react web app,BLOCKED,,,ERROR,
2026-07-29,full-stack,full stack developer,BLOCKED,,,ERROR,
2026-07-29,full-stack,django website,BLOCKED,,,ERROR,
2026-07-30,ai-vibe-coding,lovable app,BLOCKED,,,NOT_FOUND,
2026-07-30,ai-vibe-coding,v0 dev,BLOCKED,,,NOT_FOUND,
2026-07-30,ai-vibe-coding,ai web app mvp,BLOCKED,,,ERROR,
2026-07-30,ai-vibe-coding,vibe coding,BLOCKED,,,ERROR,
2026-07-30,ai-vibe-coding,ai website builder,BLOCKED,,,ERROR,
2026-07-30,bug-fix,fix react bugs,BLOCKED,,,ERROR,
2026-07-30,bug-fix,nextjs bug fix,BLOCKED,,,ERROR,
2026-07-30,bug-fix,fix website bugs,BLOCKED,,,ERROR,
2026-07-30,bug-fix,react error fix,BLOCKED,,,ERROR,
2026-07-30,full-stack,nextjs developer,BLOCKED,,,ERROR,
2026-07-30,full-stack,react web app,BLOCKED,,,ERROR,
2026-07-30,full-stack,full stack developer,BLOCKED,,,ERROR,
2026-07-30,full-stack,django website,BLOCKED,,,ERROR,
2026-07-31,ai-vibe-coding,lovable app,BLOCKED,,,NOT_FOUND,
2026-07-31,ai-vibe-coding,v0 dev,BLOCKED,,,NOT_FOUND,
2026-07-31,ai-vibe-coding,ai web app mvp,BLOCKED,,,ERROR,
2026-07-31,ai-vibe-coding,vibe coding,BLOCKED,,,ERROR,
2026-07-31,ai-vibe-coding,ai website builder,BLOCKED,,,ERROR,
2026-07-31,bug-fix,fix react bugs,BLOCKED,,,ERROR,
2026-07-31,bug-fix,nextjs bug fix,BLOCKED,,,ERROR,
2026-07-31,bug-fix,fix website bugs,BLOCKED,,,ERROR,
2026-07-31,bug-fix,react error fix,BLOCKED,,,ERROR,
2026-07-31,full-stack,nextjs developer,BLOCKED,,,ERROR,
2026-07-31,full-stack,react web app,BLOCKED,,,ERROR,
2026-07-31,full-stack,full stack developer,BLOCKED,,,ERROR,
2026-07-31,full-stack,django website,BLOCKED,,,ERROR,
2026-08-01,ai-vibe-coding,lovable app,BLOCKED,,,NOT_FOUND,
2026-08-01,ai-vibe-coding,v0 dev,BLOCKED,,,NOT_FOUND,
2026-08-01,ai-vibe-coding,ai web app mvp,BLOCKED,,,ERROR,
2026-08-01,ai-vibe-coding,vibe coding,BLOCKED,,,ERROR,
2026-08-01,ai-vibe-coding,ai website builder,BLOCKED,,,ERROR,
2026-08-01,bug-fix,fix react bugs,BLOCKED,,,ERROR,
2026-08-01,bug-fix,nextjs bug fix,BLOCKED,,,ERROR,
2026-08-01,bug-fix,fix website bugs,BLOCKED,,,ERROR,
2026-08-01,bug-fix,react error fix,BLOCKED,,,ERROR,
2026-08-01,full-stack,nextjs developer,BLOCKED,,,ERROR,
2026-08-01,full-stack,react web app,BLOCKED,,,ERROR,
2026-08-01,full-stack,full stack developer,BLOCKED,,,ERROR,
2026-08-01,full-stack,django website,BLOCKED,,,ERROR,
2026-08-02,ai-vibe-coding,lovable app,BLOCKED,,,NOT_FOUND,
2026-08-02,ai-vibe-coding,v0 dev,BLOCKED,,,NOT_FOUND,
2026-08-02,ai-vibe-coding,ai web app mvp,BLOCKED,,,ERROR,
2026-08-02,ai-vibe-coding,vibe coding,BLOCKED,,,ERROR,
2026-08-02,ai-vibe-coding,ai website builder,BLOCKED,,,ERROR,
2026-08-02,bug-fix,fix react bugs,BLOCKED,,,ERROR,
2026-08-02,bug-fix,nextjs bug fix,BLOCKED,,,ERROR,
2026-08-02,bug-fix,fix website bugs,BLOCKED,,,ERROR,
2026-08-02,bug-fix,react error fix,BLOCKED,,,ERROR,
2026-08-02,full-stack,nextjs developer,BLOCKED,,,ERROR,
2026-08-02,full-stack,react web app,BLOCKED,,,ERROR,
2026-08-02,full-stack,full stack developer,BLOCKED,,,ERROR,
2026-08-02,full-stack,django website,BLOCKED,,,ERROR,
2026-08-03,ai-vibe-coding,lovable app,BLOCKED,,,NOT_FOUND,
2026-08-03,ai-vibe-coding,v0 dev,BLOCKED,,,NOT_FOUND,
2026-08-03,ai-vibe-coding,ai web app mvp,BLOCKED,,,ERROR,
2026-08-03,ai-vibe-coding,vibe coding,BLOCKED,,,ERROR,
2026-08-03,ai-vibe-coding,ai website builder,BLOCKED,,,ERROR,
2026-08-03,bug-fix,fix react bugs,BLOCKED,,,ERROR,
2026-08-03,bug-fix,nextjs bug fix,BLOCKED,,,ERROR,
2026-08-03,bug-fix,fix website bugs,BLOCKED,,,ERROR,
2026-08-03,bug-fix,react error fix,BLOCKED,,,ERROR,
2026-08-03,full-stack,nextjs developer,BLOCKED,,,ERROR,
2026-08-03,full-stack,react web app,BLOCKED,,,ERROR,
2026-08-03,full-stack,full stack developer,BLOCKED,,,ERROR,
2026-08-03,full-stack,django website,BLOCKED,,,ERROR,
2026-08-04,ai-vibe-coding,lovable app,BLOCKED,,,NOT_FOUND,
2026-08-04,ai-vibe-coding,v0 dev,BLOCKED,,,NOT_FOUND,
2026-08-04,ai-vibe-coding,ai web app mvp,BLOCKED,,,ERROR,
2026-08-04,ai-vibe-coding,vibe coding,BLOCKED,,,ERROR,
2026-08-04,ai-vibe-coding,ai website builder,BLOCKED,,,ERROR,
2026-08-04,bug-fix,fix react bugs,BLOCKED,,,ERROR,
2026-08-04,bug-fix,nextjs bug fix,BLOCKED,,,ERROR,
2026-08-04,bug-fix,fix website bugs,BLOCKED,,,ERROR,
2026-08-04,bug-fix,react error fix,BLOCKED,,,ERROR,
2026-08-04,full-stack,nextjs developer,BLOCKED,,,ERROR,
2026-08-04,full-stack,react web app,BLOCKED,,,ERROR,
2026-08-04,full-stack,full stack developer,BLOCKED,,,ERROR,
2026-08-04,full-stack,django website,BLOCKED,,,ERROR,
2026-08-05,ai-vibe-coding,lovable app,BLOCKED,,,NOT_FOUND,
2026-08-05,ai-vibe-coding,v0 dev,BLOCKED,,,NOT_FOUND,
2026-08-05,ai-vibe-coding,ai web app mvp,BLOCKED,,,ERROR,
2026-08-05,ai-vibe-coding,vibe coding,BLOCKED,,,ERROR,
2026-08-05,ai-vibe-coding,ai website builder,BLOCKED,,,ERROR,
2026-08-05,bug-fix,fix react bugs,BLOCKED,,,ERROR,
2026-08-05,bug-fix,nextjs bug fix,BLOCKED,,,ERROR,
2026-08-05,bug-fix,fix website bugs,BLOCKED,,,ERROR,
2026-08-05,bug-fix,react error fix,BLOCKED,,,ERROR,
2026-08-05,full-stack,nextjs developer,BLOCKED,,,ERROR,
2026-08-05,full-stack,react web app,BLOCKED,,,ERROR,
2026-08-05,full-stack,full stack developer,BLOCKED,,,ERROR,
2026-08-05,full-stack,django website,BLOCKED,,,ERROR,
2026-08-06,ai-vibe-coding,lovable app,BLOCKED,,,NOT_FOUND,
2026-08-06,ai-vibe-coding,v0 dev,BLOCKED,,,NOT_FOUND,
2026-08-06,ai-vibe-coding,ai web app mvp,BLOCKED,,,ERROR,
2026-08-06,ai-vibe-coding,vibe coding,BLOCKED,,,ERROR,
2026-08-06,ai-vibe-coding,ai website builder,BLOCKED,,,ERROR,
2026-08-06,bug-fix,fix react bugs,BLOCKED,,,ERROR,
2026-08-06,bug-fix,nextjs bug fix,BLOCKED,,,ERROR,
2026-08-06,bug-fix,fix website bugs,BLOCKED,,,ERROR,
2026-08-06,bug-fix,react error fix,BLOCKED,,,ERROR,
2026-08-06,full-stack,nextjs developer,BLOCKED,,,ERROR,
2026-08-06,full-stack,react web app,BLOCKED,,,ERROR,
2026-08-06,full-stack,full stack developer,BLOCKED,,,ERROR,
2026-08-06,full-stack,django website,BLOCKED,,,ERROR,
2026-08-07,ai-vibe-coding,lovable app,BLOCKED,,,NOT_FOUND,
2026-08-07,ai-vibe-coding,v0 dev,BLOCKED,,,NOT_FOUND,
2026-08-07,ai-vibe-coding,ai web app mvp,BLOCKED,,,ERROR,
2026-08-07,ai-vibe-coding,vibe coding,BLOCKED,,,ERROR,
2026-08-07,ai-vibe-coding,ai website builder,BLOCKED,,,ERROR,
2026-08-07,bug-fix,fix react bugs,BLOCKED,,,ERROR,
2026-08-07,bug-fix,nextjs bug fix,BLOCKED,,,ERROR,
2026-08-07,bug-fix,fix website bugs,BLOCKED,,,ERROR,
2026-08-07,bug-fix,react error fix,BLOCKED,,,ERROR,
2026-08-07,full-stack,nextjs developer,BLOCKED,,,ERROR,
2026-08-07,full-stack,react web app,BLOCKED,,,ERROR,
2026-08-07,full-stack,full stack developer,BLOCKED,,,ERROR,
2026-08-07,full-stack,django website,BLOCKED,,,ERROR,
2026-08-08,ai-vibe-coding,lovable app,NOT_FOUND,,,ERROR,
2026-08-08,ai-vibe-coding,v0 dev,NOT_FOUND,,,ERROR,
2026-08-08,ai-vibe-coding,ai web app mvp,NOT_FOUND,,,ERROR,
2026-08-08,ai-vibe-coding,vibe coding,NOT_FOUND,,,ERROR,
2026-08-08,ai-vibe-coding,ai website builder,NOT_FOUND,,,ERROR,
2026-08-08,bug-fix,fix react bugs,NOT_FOUND,,,ERROR,
2026-08-08,bug-fix,nextjs bug fix,NOT_FOUND,,,ERROR,
2026-08-08,bug-fix,fix website bugs,NOT_FOUND,,,ERROR,
2026-08-08,bug-fix,react error fix,NOT_FOUND,,,ERROR,
2026-08-08,full-stack,nextjs developer,NOT_FOUND,,,ERROR,
2026-08-08,full-stack,react web app,NOT_FOUND,,,ERROR,
2026-08-08,full-stack,full stack developer,NOT_FOUND,,,ERROR,
2026-08-08,full-stack,django website,NOT_FOUND,,,ERROR,
2026-08-09,ai-vibe-coding,lovable app,NOT_FOUND,,,NOT_FOUND,
2026-08-09,ai-vibe-coding,v0 dev,NOT_FOUND,,,NOT_FOUND,
2026-08-09,ai-vibe-coding,ai web app mvp,NOT_FOUND,,,ERROR,
2026-08-09,ai-vibe-coding,vibe coding,NOT_FOUND,,,ERROR,
2026-08-09,ai-vibe-coding,ai website builder,NOT_FOUND,,,ERROR,
2026-08-09,bug-fix,fix react bugs,NOT_FOUND,,,ERROR,
2026-08-09,bug-fix,nextjs bug fix,NOT_FOUND,,,ERROR,
2026-08-09,bug-fix,fix website bugs,NOT_FOUND,,,ERROR,
2026-08-09,bug-fix,react error fix,NOT_FOUND,,,ERROR,
2026-08-09,full-stack,nextjs developer,NOT_FOUND,,,ERROR,
2026-08-09,full-stack,react web app,NOT_FOUND,,,ERROR,
2026-08-09,full-stack,full stack developer,NOT_FOUND,,,ERROR,
2026-08-09,full-stack,django website,NOT_FOUND,,,ERROR,
2026-08-10,ai-vibe-coding,lovable app,BLOCKED,,,NOT_FOUND,
2026-08-10,ai-vibe-coding,v0 dev,BLOCKED,,,NOT_FOUND,
2026-08-10,ai-vibe-coding,ai web app mvp,BLOCKED,,,ERROR,
2026-08-10,ai-vibe-coding,vibe coding,BLOCKED,,,ERROR,
2026-08-10,ai-vibe-coding,ai website builder,BLOCKED,,,ERROR,
2026-08-10,bug-fix,fix react bugs,BLOCKED,,,ERROR,
2026-08-10,bug-fix,nextjs bug fix,BLOCKED,,,ERROR,
2026-08-10,bug-fix,fix website bugs,BLOCKED,,,ERROR,
2026-08-10,bug-fix,react error fix,BLOCKED,,,ERROR,
2026-08-10,full-stack,nextjs developer,BLOCKED,,,ERROR,
2026-08-10,full-stack,react web app,BLOCKED,,,ERROR,
2026-08-10,full-stack,full stack developer,BLOCKED,,,ERROR,
2026-08-10,full-stack,django website,BLOCKED,,,ERROR,
2026-08-11,ai-vibe-coding,lovable app,BLOCKED,,,NOT_FOUND,
2026-08-11,ai-vibe-coding,v0 dev,BLOCKED,,,NOT_FOUND,
2026-08-11,ai-vibe-coding,ai web app mvp,BLOCKED,,,ERROR,
2026-08-11,ai-vibe-coding,vibe coding,BLOCKED,,,ERROR,
2026-08-11,ai-vibe-coding,ai website builder,BLOCKED,,,ERROR,
2026-08-11,bug-fix,fix react bugs,BLOCKED,,,ERROR,
2026-08-11,bug-fix,nextjs bug fix,BLOCKED,,,ERROR,
2026-08-11,bug-fix,fix website bugs,BLOCKED,,,ERROR,
2026-08-11,bug-fix,react error fix,BLOCKED,,,ERROR,
2026-08-11,full-stack,nextjs developer,BLOCKED,,,ERROR,
2026-08-11,full-stack,react web app,BLOCKED,,,ERROR,
2026-08-11,full-stack,full stack developer,BLOCKED,,,ERROR,
2026-08-11,full-stack,django website,BLOCKED,,,ERROR,
2026-08-12,ai-vibe-coding,lovable app,BLOCKED,,,NOT_FOUND,
2026-08-12,ai-vibe-coding,v0 dev,BLOCKED,,,NOT_FOUND,
2026-08-12,ai-vibe-coding,ai web app mvp,BLOCKED,,,ERROR,
2026-08-12,ai-vibe-coding,vibe coding,BLOCKED,,,ERROR,
2026-08-12,ai-vibe-coding,ai website builder,BLOCKED,,,ERROR,
2026-08-12,bug-fix,fix react bugs,BLOCKED,,,ERROR,
2026-08-12,bug-fix,nextjs bug fix,BLOCKED,,,ERROR,
2026-08-12,bug-fix,fix website bugs,BLOCKED,,,ERROR,
2026-08-12,bug-fix,react error fix,BLOCKED,,,ERROR,
2026-08-12,full-stack,nextjs developer,BLOCKED,,,ERROR,
2026-08-12,full-stack,react web app,BLOCKED,,,ERROR,
2026-08-12,full-stack,full stack developer,BLOCKED,,,ERROR,
2026-08-12,full-stack,django website,BLOCKED,,,ERROR,
2026-08-13,ai-vibe-coding,lovable app,BLOCKED,,,NOT_FOUND,
2026-08-13,ai-vibe-coding,v0 dev,BLOCKED,,,NOT_FOUND,
2026-08-13,ai-vibe-coding,ai web app mvp,BLOCKED,,,ERROR,
2026-08-13,ai-vibe-coding,vibe coding,BLOCKED,,,ERROR,
2026-08-13,ai-vibe-coding,ai website builder,BLOCKED,,,ERROR,
2026-08-13,bug-fix,fix react bugs,BLOCKED,,,ERROR,
2026-08-13,bug-fix,nextjs bug fix,BLOCKED,,,ERROR,
2026-08-13,bug-fix,fix website bugs,BLOCKED,,,ERROR,
2026-08-13,bug-fix,react error fix,BLOCKED,,,ERROR,
2026-08-13,full-stack,nextjs developer,BLOCKED,,,ERROR,
2026-08-13,full-stack,react web app,BLOCKED,,,ERROR,
2026-08-13,full-stack,full stack developer,BLOCKED,,,ERROR,
2026-08-13,full-stack,django website,BLOCKED,,,ERROR,
2026-08-14,ai-vibe-coding,lovable app,BLOCKED,,,NOT_FOUND,
2026-08-14,ai-vibe-coding,v0 dev,BLOCKED,,,NOT_FOUND,
2026-08-14,ai-vibe-coding,ai web app mvp,BLOCKED,,,ERROR,
2026-08-14,ai-vibe-coding,vibe coding,BLOCKED,,,ERROR,
2026-08-14,ai-vibe-coding,ai website builder,BLOCKED,,,ERROR,
2026-08-14,bug-fix,fix react bugs,BLOCKED,,,ERROR,
2026-08-14,bug-fix,nextjs bug fix,BLOCKED,,,ERROR,
2026-08-14,bug-fix,fix website bugs,BLOCKED,,,ERROR,
2026-08-14,bug-fix,react error fix,BLOCKED,,,ERROR,
2026-08-14,full-stack,nextjs developer,BLOCKED,,,ERROR,
2026-08-14,full-stack,react web app,BLOCKED,,,ERROR,
2026-08-14,full-stack,full stack developer,BLOCKED,,,ERROR,
2026-08-14,full-stack,django website,BLOCKED,,,ERROR,
2026-08-15,ai-vibe-coding,lovable app,BLOCKED,,,NOT_FOUND,
2026-08-15,ai-vibe-coding,v0 dev,BLOCKED,,,NOT_FOUND,
2026-08-15,ai-vibe-coding,ai web app mvp,BLOCKED,,,ERROR,
2026-08-15,ai-vibe-coding,vibe coding,BLOCKED,,,ERROR,
2026-08-15,ai-vibe-coding,ai website builder,BLOCKED,,,ERROR,
2026-08-15,bug-fix,fix react bugs,BLOCKED,,,ERROR,
2026-08-15,bug-fix,nextjs bug fix,BLOCKED,,,ERROR,
2026-08-15,bug-fix,fix website bugs,BLOCKED,,,ERROR,
2026-08-15,bug-fix,react error fix,BLOCKED,,,ERROR,
2026-08-15,full-stack,nextjs developer,BLOCKED,,,ERROR,
2026-08-15,full-stack,react web app,BLOCKED,,,ERROR,
2026-08-15,full-stack,full stack developer,BLOCKED,,,ERROR,
2026-08-15,full-stack,django website,BLOCKED,,,ERROR,
2026-08-16,ai-vibe-coding,lovable app,BLOCKED,,,NOT_FOUND,
2026-08-16,ai-vibe-coding,v0 dev,BLOCKED,,,NOT_FOUND,
2026-08-16,ai-vibe-coding,ai web app mvp,BLOCKED,,,ERROR,
2026-08-16,ai-vibe-coding,vibe coding,BLOCKED,,,ERROR,
2026-08-16,ai-vibe-coding,ai website builder,BLOCKED,,,ERROR,
2026-08-16,bug-fix,fix react bugs,BLOCKED,,,ERROR,
2026-08-16,bug-fix,nextjs bug fix,BLOCKED,,,ERROR,
2026-08-16,bug-fix,fix website bugs,BLOCKED,,,ERROR,
2026-08-16,bug-fix,react error fix,BLOCKED,,,ERROR,
2026-08-16,full-stack,nextjs developer,BLOCKED,,,ERROR,
2026-08-16,full-stack,react web app,BLOCKED,,,ERROR,
2026-08-16,full-stack,full stack developer,BLOCKED,,,ERROR,
2026-08-16,full-stack,django website,BLOCKED,,,ERROR,
2026-08-17,ai-vibe-coding,lovable app,BLOCKED,,,NOT_FOUND,
2026-08-17,ai-vibe-coding,v0 dev,BLOCKED,,,NOT_FOUND,
2026-08-17,ai-vibe-coding,ai web app mvp,BLOCKED,,,ERROR,
2026-08-17,ai-vibe-coding,vibe coding,BLOCKED,,,ERROR,
2026-08-17,ai-vibe-coding,ai website builder,BLOCKED,,,ERROR,
2026-08-17,bug-fix,fix react bugs,BLOCKED,,,ERROR,
2026-08-17,bug-fix,nextjs bug fix,BLOCKED,,,ERROR,
2026-08-17,bug-fix,fix website bugs,BLOCKED,,,ERROR,
2026-08-17,bug-fix,react error fix,BLOCKED,,,ERROR,
2026-08-17,full-stack,nextjs developer,BLOCKED,,,ERROR,
2026-08-17,full-stack,react web app,BLOCKED,,,ERROR,
2026-08-17,full-stack,full stack developer,BLOCKED,,,ERROR,
2026-08-17,full-stack,django website,BLOCKED,,,ERROR,
2026-08-18,ai-vibe-coding,lovable app,BLOCKED,,,NOT_FOUND,
2026-08-18,ai-vibe-coding,v0 dev,BLOCKED,,,NOT_FOUND,
2026-08-18,ai-vibe-coding,ai web app mvp,BLOCKED,,,ERROR,
2026-08-18,ai-vibe-coding,vibe coding,BLOCKED,,,ERROR,
2026-08-18,ai-vibe-coding,ai website builder,BLOCKED,,,ERROR,
2026-08-18,bug-fix,fix react bugs,BLOCKED,,,ERROR,
2026-08-18,bug-fix,nextjs bug fix,BLOCKED,,,ERROR,
2026-08-18,bug-fix,fix website bugs,BLOCKED,,,ERROR,
2026-08-18,bug-fix,react error fix,BLOCKED,,,ERROR,
2026-08-18,full-stack,nextjs developer,BLOCKED,,,ERROR,
2026-08-18,full-stack,react web app,BLOCKED,,,ERROR,
2026-08-18,full-stack,full stack developer,BLOCKED,,,ERROR,
2026-08-18,full-stack,django website,BLOCKED,,,ERROR,
2026-08-19,ai-vibe-coding,lovable app,BLOCKED,,,NOT_FOUND,
2026-08-19,ai-vibe-coding,v0 dev,BLOCKED,,,NOT_FOUND,
2026-08-19,ai-vibe-coding,ai web app mvp,BLOCKED,,,ERROR,
2026-08-19,ai-vibe-coding,vibe coding,BLOCKED,,,ERROR,
2026-08-19,ai-vibe-coding,ai website builder,BLOCKED,,,ERROR,
2026-08-19,bug-fix,fix react bugs,BLOCKED,,,ERROR,
2026-08-19,bug-fix,nextjs bug fix,BLOCKED,,,ERROR,
2026-08-19,bug-fix,fix website bugs,BLOCKED,,,ERROR,
2026-08-19,bug-fix,react error fix,BLOCKED,,,ERROR,
2026-08-19,full-stack,nextjs developer,BLOCKED,,,ERROR,
2026-08-19,full-stack,react web app,BLOCKED,,,ERROR,
2026-08-19,full-stack,full stack developer,BLOCKED,,,ERROR,
2026-08-19,full-stack,django website,BLOCKED,,,ERROR,
2026-08-20,ai-vibe-coding,lovable app,BLOCKED,,,NOT_FOUND,
2026-08-20,ai-vibe-coding,v0 dev,BLOCKED,,,NOT_FOUND,
2026-08-20,ai-vibe-coding,ai web app mvp,BLOCKED,,,ERROR,
2026-08-20,ai-vibe-coding,vibe coding,BLOCKED,,,ERROR,
2026-08-20,ai-vibe-coding,ai website builder,BLOCKED,,,ERROR,
2026-08-20,bug-fix,fix react bugs,BLOCKED,,,ERROR,
2026-08-20,bug-fix,nextjs bug fix,BLOCKED,,,ERROR,
2026-08-20,bug-fix,fix website bugs,BLOCKED,,,ERROR,
2026-08-20,bug-fix,react error fix,BLOCKED,,,ERROR,
2026-08-20,full-stack,nextjs developer,BLOCKED,,,ERROR,
2026-08-20,full-stack,react web app,BLOCKED,,,ERROR,
2026-08-20,full-stack,full stack developer,BLOCKED,,,ERROR,
2026-08-20,full-stack,django website,BLOCKED,,,ERROR,
2026-08-21,ai-vibe-coding,lovable app,BLOCKED,,,NOT_FOUND,
2026-08-21,ai-vibe-coding,v0 dev,BLOCKED,,,NOT_FOUND,
2026-08-21,ai-vibe-coding,ai web app mvp,BLOCKED,,,ERROR,
2026-08-21,ai-vibe-coding,vibe coding,BLOCKED,,,ERROR,
2026-08-21,ai-vibe-coding,ai website builder,BLOCKED,,,ERROR,
2026-08-21,bug-fix,fix react bugs,BLOCKED,,,ERROR,
2026-08-21,bug-fix,nextjs bug fix,BLOCKED,,,ERROR,
2026-08-21,bug-fix,fix website bugs,BLOCKED,,,ERROR,
2026-08-21,bug-fix,react error fix,BLOCKED,,,ERROR,
2026-08-21,full-stack,nextjs developer,BLOCKED,,,ERROR,
2026-08-21,full-stack,react web app,BLOCKED,,,ERROR,
2026-08-21,full-stack,full stack developer,BLOCKED,,,ERROR,
2026-08-21,full-stack,django website,BLOCKED,,,ERROR,
2026-08-22,ai-vibe-coding,lovable app,BLOCKED,,,NOT_FOUND,
2026-08-22,ai-vibe-coding,v0 dev,BLOCKED,,,NOT_FOUND,
2026-08-22,ai-vibe-coding,ai web app mvp,BLOCKED,,,ERROR,
2026-08-22,ai-vibe-coding,vibe coding,BLOCKED,,,ERROR,
2026-08-22,ai-vibe-coding,ai website builder,BLOCKED,,,ERROR,
2026-08-22,bug-fix,fix react bugs,BLOCKED,,,ERROR,
2026-08-22,bug-fix,nextjs bug fix,BLOCKED,,,ERROR,
2026-08-22,bug-fix,fix website bugs,BLOCKED,,,ERROR,
2026-08-22,bug-fix,react error fix,BLOCKED,,,ERROR,
2026-08-22,full-stack,nextjs developer,BLOCKED,,,ERROR,
2026-08-22,full-stack,react web app,BLOCKED,,,ERROR,
2026-08-22,full-stack,full stack developer,BLOCKED,,,ERROR,
2026-08-22,full-stack,django website,BLOCKED,,,ERROR,
2026-08-23,ai-vibe-coding,lovable app,BLOCKED,,,NOT_FOUND,
2026-08-23,ai-vibe-coding,v0 dev,BLOCKED,,,NOT_FOUND,
2026-08-23,ai-vibe-coding,ai web app mvp,BLOCKED,,,ERROR,
2026-08-23,ai-vibe-coding,vibe coding,BLOCKED,,,ERROR,
2026-08-23,ai-vibe-coding,ai website builder,BLOCKED,,,ERROR,
2026-08-23,bug-fix,fix react bugs,BLOCKED,,,ERROR,
2026-08-23,bug-fix,nextjs bug fix,BLOCKED,,,ERROR,
2026-08-23,bug-fix,fix website bugs,BLOCKED,,,ERROR,
2026-08-23,bug-fix,react error fix,BLOCKED,,,ERROR,
2026-08-23,full-stack,nextjs developer,BLOCKED,,,ERROR,
2026-08-23,full-stack,react web app,BLOCKED,,,ERROR,
2026-08-23,full-stack,full stack developer,BLOCKED,,,ERROR,
2026-08-23,full-stack,django website,BLOCKED,,,ERROR,
2026-08-24,ai-vibe-coding,lovable app,BLOCKED,,,NOT_FOUND,
2026-08-24,ai-vibe-coding,v0 dev,BLOCKED,,,NOT_FOUND,
2026-08-24,ai-vibe-coding,ai web app mvp,BLOCKED,,,ERROR,
2026-08-24,ai-vibe-coding,vibe coding,BLOCKED,,,ERROR,
2026-08-24,ai-vibe-coding,ai website builder,BLOCKED,,,ERROR,
2026-08-24,bug-fix,fix react bugs,BLOCKED,,,ERROR,
2026-08-24,bug-fix,nextjs bug fix,BLOCKED,,,ERROR,
2026-08-24,bug-fix,fix website bugs,BLOCKED,,,ERROR,
2026-08-24,bug-fix,react error fix,BLOCKED,,,ERROR,
2026-08-24,full-stack,nextjs developer,BLOCKED,,,ERROR,
2026-08-24,full-stack,react web app,BLOCKED,,,ERROR,
2026-08-24,full-stack,full stack developer,BLOCKED,,,ERROR,
2026-08-24,full-stack,django website,BLOCKED,,,ERROR,
2026-08-25,ai-vibe-coding,lovable app,BLOCKED,,,NOT_FOUND,
2026-08-25,ai-vibe-coding,v0 dev,BLOCKED,,,NOT_FOUND,
2026-08-25,ai-vibe-coding,ai web app mvp,BLOCKED,,,ERROR,
2026-08-25,ai-vibe-coding,vibe coding,BLOCKED,,,ERROR,
2026-08-25,ai-vibe-coding,ai website builder,BLOCKED,,,ERROR,
2026-08-25,bug-fix,fix react bugs,BLOCKED,,,ERROR,
2026-08-25,bug-fix,nextjs bug fix,BLOCKED,,,ERROR,
2026-08-25,bug-fix,fix website bugs,BLOCKED,,,ERROR,
2026-08-25,bug-fix,react error fix,BLOCKED,,,ERROR,
2026-08-25,full-stack,nextjs developer,BLOCKED,,,ERROR,
2026-08-25,full-stack,react web app,BLOCKED,,,ERROR,
2026-08-25,full-stack,full stack developer,BLOCKED,,,ERROR,
2026-08-25,full-stack,django website,BLOCKED,,,ERROR,
2026-08-26,ai-vibe-coding,lovable app,BLOCKED,,,NOT_FOUND,
2026-08-26,ai-vibe-coding,v0 dev,BLOCKED,,,NOT_FOUND,
2026-08-26,ai-vibe-coding,ai web app mvp,BLOCKED,,,ERROR,
2026-08-26,ai-vibe-coding,vibe coding,BLOCKED,,,ERROR,
2026-08-26,ai-vibe-coding,ai website builder,BLOCKED,,,ERROR,
2026-08-26,bug-fix,fix react bugs,BLOCKED,,,ERROR,
2026-08-26,bug-fix,nextjs bug fix,BLOCKED,,,ERROR,
2026-08-26,bug-fix,fix website bugs,BLOCKED,,,ERROR,
2026-08-26,bug-fix,react error fix,BLOCKED,,,ERROR,
2026-08-26,full-stack,nextjs developer,BLOCKED,,,ERROR,
2026-08-26,full-stack,react web app,BLOCKED,,,ERROR,
2026-08-26,full-stack,full stack developer,BLOCKED,,,ERROR,
2026-08-26,full-stack,django website,BLOCKED,,,ERROR,
2026-08-27,ai-vibe-coding,lovable app,BLOCKED,,,NOT_FOUND,
2026-08-27,ai-vibe-coding,v0 dev,BLOCKED,,,NOT_FOUND,
2026-08-27,ai-vibe-coding,ai web app mvp,BLOCKED,,,ERROR,
2026-08-27,ai-vibe-coding,vibe coding,BLOCKED,,,ERROR,
2026-08-27,ai-vibe-coding,ai website builder,BLOCKED,,,ERROR,
2026-08-27,bug-fix,fix react bugs,BLOCKED,,,ERROR,
2026-08-27,bug-fix,nextjs bug fix,BLOCKED,,,ERROR,
2026-08-27,bug-fix,fix website bugs,BLOCKED,,,ERROR,
2026-08-27,bug-fix,react error fix,BLOCKED,,,ERROR,
2026-08-27,full-stack,nextjs developer,BLOCKED,,,ERROR,
2026-08-27,full-stack,react web app,BLOCKED,,,ERROR,
2026-08-27,full-stack,full stack developer,BLOCKED,,,ERROR,
2026-08-27,full-stack,django website,BLOCKED,,,ERROR,
2026-08-28,ai-vibe-coding,lovable app,BLOCKED,,,NOT_FOUND,
2026-08-28,ai-vibe-coding,v0 dev,BLOCKED,,,NOT_FOUND,
2026-08-28,ai-vibe-coding,ai web app mvp,BLOCKED,,,ERROR,
2026-08-28,ai-vibe-coding,vibe coding,BLOCKED,,,ERROR,
2026-08-28,ai-vibe-coding,ai website builder,BLOCKED,,,ERROR,
2026-08-28,bug-fix,fix react bugs,BLOCKED,,,ERROR,
2026-08-28,bug-fix,nextjs bug fix,BLOCKED,,,ERROR,
2026-08-28,bug-fix,fix website bugs,BLOCKED,,,ERROR,
2026-08-28,bug-fix,react error fix,BLOCKED,,,ERROR,
2026-08-28,full-stack,nextjs developer,BLOCKED,,,ERROR,
2026-08-28,full-stack,react web app,BLOCKED,,,ERROR,
2026-08-28,full-stack,full stack developer,BLOCKED,,,ERROR,
2026-08-28,full-stack,django website,BLOCKED,,,ERROR,
2026-08-29,ai-vibe-coding,lovable app,BLOCKED,,,NOT_FOUND,
2026-08-29,ai-vibe-coding,v0 dev,BLOCKED,,,NOT_FOUND,
2026-08-29,ai-vibe-coding,ai web app mvp,BLOCKED,,,ERROR,
2026-08-29,ai-vibe-coding,vibe coding,BLOCKED,,,ERROR,
2026-08-29,ai-vibe-coding,ai website builder,BLOCKED,,,ERROR,
2026-08-29,bug-fix,fix react bugs,BLOCKED,,,ERROR,
2026-08-29,bug-fix,nextjs bug fix,BLOCKED,,,ERROR,
2026-08-29,bug-fix,fix website bugs,BLOCKED,,,ERROR,
2026-08-29,bug-fix,react error fix,BLOCKED,,,ERROR,
2026-08-29,full-stack,nextjs developer,BLOCKED,,,ERROR,
2026-08-29,full-stack,react web app,BLOCKED,,,ERROR,
2026-08-29,full-stack,full stack developer,BLOCKED,,,ERROR,
2026-08-29,full-stack,django website,BLOCKED,,,ERROR,
2026-08-30,ai-vibe-coding,lovable app,BLOCKED,,,NOT_FOUND,
2026-08-30,ai-vibe-coding,v0 dev,BLOCKED,,,NOT_FOUND,
2026-08-30,ai-vibe-coding,ai web app mvp,BLOCKED,,,ERROR,
2026-08-30,ai-vibe-coding,vibe coding,BLOCKED,,,ERROR,
2026-08-30,ai-vibe-coding,ai website builder,BLOCKED,,,ERROR,
2026-08-30,bug-fix,fix react bugs,BLOCKED,,,ERROR,
2026-08-30,bug-fix,nextjs bug fix,BLOCKED,,,ERROR,
2026-08-30,bug-fix,fix website bugs,BLOCKED,,,ERROR,
2026-08-30,bug-fix,react error fix,BLOCKED,,,ERROR,
2026-08-30,full-stack,nextjs developer,BLOCKED,,,ERROR,
2026-08-30,full-stack,react web app,BLOCKED,,,ERROR,
2026-08-30,full-stack,full stack developer,BLOCKED,,,ERROR,
2026-08-30,full-stack,django website,BLOCKED,,,ERROR,
2026-08-31,ai-vibe-coding,lovable app,BLOCKED,,,NOT_FOUND,
2026-08-31,ai-vibe-coding,v0 dev,BLOCKED,,,NOT_FOUND,
2026-08-31,ai-vibe-coding,ai web app mvp,BLOCKED,,,ERROR,
2026-08-31,ai-vibe-coding,vibe coding,BLOCKED,,,ERROR,
2026-08-31,ai-vibe-coding,ai website builder,BLOCKED,,,ERROR,
2026-08-31,bug-fix,fix react bugs,BLOCKED,,,ERROR,
2026-08-31,bug-fix,nextjs bug fix,BLOCKED,,,ERROR,
2026-08-31,bug-fix,fix website bugs,BLOCKED,,,ERROR,
2026-08-31,bug-fix,react error fix,BLOCKED,,,ERROR,
2026-08-31,full-stack,nextjs developer,BLOCKED,,,ERROR,
2026-08-31,full-stack,react web app,BLOCKED,,,ERROR,
2026-08-31,full-stack,full stack developer,BLOCKED,,,ERROR,
2026-08-31,full-stack,django website,BLOCKED,,,ERROR,
2026-09-01,ai-vibe-coding,lovable app,BLOCKED,,,ERROR,
2026-09-01,ai-vibe-coding,v0 dev,BLOCKED,,,ERROR,
2026-09-01,ai-vibe-coding,ai web app mvp,BLOCKED,,,ERROR,
2026-09-01,ai-vibe-coding,vibe coding,BLOCKED,,,ERROR,
2026-09-01,ai-vibe-coding,ai website builder,BLOCKED,,,ERROR,
2026-09-01,bug-fix,fix react bugs,BLOCKED,,,ERROR,
2026-09-01,bug-fix,nextjs bug fix,BLOCKED,,,ERROR,
2026-09-01,bug-fix,fix website bugs,BLOCKED,,,ERROR,
2026-09-01,bug-fix,react error fix,BLOCKED,,,ERROR,
2026-09-01,full-stack,nextjs developer,BLOCKED,,,ERROR,
2026-09-01,full-stack,react web app,BLOCKED,,,ERROR,
2026-09-01,full-stack,full stack developer,BLOCKED,,,ERROR,
2026-09-01,full-stack,django website,BLOCKED,,,ERROR,
2026-09-02,ai-vibe-coding,lovable app,BLOCKED,,,NOT_FOUND,
2026-09-02,ai-vibe-coding,v0 dev,BLOCKED,,,NOT_FOUND,
2026-09-02,ai-vibe-coding,ai web app mvp,BLOCKED,,,ERROR,
2026-09-02,ai-vibe-coding,vibe coding,BLOCKED,,,ERROR,
2026-09-02,ai-vibe-coding,ai website builder,BLOCKED,,,ERROR,
2026-09-02,bug-fix,fix react bugs,BLOCKED,,,ERROR,
2026-09-02,bug-fix,nextjs bug fix,BLOCKED,,,ERROR,
2026-09-02,bug-fix,fix website bugs,BLOCKED,,,ERROR,
2026-09-02,bug-fix,react error fix,BLOCKED,,,ERROR,
2026-09-02,full-stack,nextjs developer,BLOCKED,,,ERROR,
2026-09-02,full-stack,react web app,BLOCKED,,,ERROR,
2026-09-02,full-stack,full stack developer,BLOCKED,,,ERROR,
2026-09-02,full-stack,django website,BLOCKED,,,ERROR,
2026-09-03,ai-vibe-coding,lovable app,BLOCKED,,,NOT_FOUND,
2026-09-03,ai-vibe-coding,v0 dev,BLOCKED,,,NOT_FOUND,
2026-09-03,ai-vibe-coding,ai web app mvp,BLOCKED,,,ERROR,
2026-09-03,ai-vibe-coding,vibe coding,BLOCKED,,,ERROR,
2026-09-03,ai-vibe-coding,ai website builder,BLOCKED,,,ERROR,
2026-09-03,bug-fix,fix react bugs,BLOCKED,,,ERROR,
2026-09-03,bug-fix,nextjs bug fix,BLOCKED,,,ERROR,
2026-09-03,bug-fix,fix website bugs,BLOCKED,,,ERROR,
2026-09-03,bug-fix,react error fix,BLOCKED,,,ERROR,
2026-09-03,full-stack,nextjs developer,BLOCKED,,,ERROR,
2026-09-03,full-stack,react web app,BLOCKED,,,ERROR,
2026-09-03,full-stack,full stack developer,BLOCKED,,,ERROR,
2026-09-03,full-stack,django website,BLOCKED,,,ERROR,
2026-09-04,ai-vibe-coding,lovable app,BLOCKED,,,NOT_FOUND,
2026-09-04,ai-vibe-coding,v0 dev,BLOCKED,,,NOT_FOUND,
2026-09-04,ai-vibe-coding,ai web app mvp,BLOCKED,,,ERROR,
2026-09-04,ai-vibe-coding,vibe coding,BLOCKED,,,ERROR,
2026-09-04,ai-vibe-coding,ai website builder,BLOCKED,,,ERROR,
2026-09-04,bug-fix,fix react bugs,BLOCKED,,,ERROR,
2026-09-04,bug-fix,nextjs bug fix,BLOCKED,,,ERROR,
2026-09-04,bug-fix,fix website bugs,BLOCKED,,,ERROR,
2026-09-04,bug-fix,react error fix,BLOCKED,,,ERROR,
2026-09-04,full-stack,nextjs developer,BLOCKED,,,ERROR,
2026-09-04,full-stack,react web app,BLOCKED,,,ERROR,
2026-09-04,full-stack,full stack developer,BLOCKED,,,ERROR,
2026-09-04,full-stack,django website,BLOCKED,,,ERROR,
2026-09-05,ai-vibe-coding,lovable app,BLOCKED,,,NOT_FOUND,
2026-09-05,ai-vibe-coding,v0 dev,BLOCKED,,,NOT_FOUND,
2026-09-05,ai-vibe-coding,ai web app mvp,BLOCKED,,,ERROR,
2026-09-05,ai-vibe-coding,vibe coding,BLOCKED,,,ERROR,
2026-09-05,ai-vibe-coding,ai website builder,BLOCKED,,,ERROR,
2026-09-05,bug-fix,fix react bugs,BLOCKED,,,ERROR,
2026-09-05,bug-fix,nextjs bug fix,BLOCKED,,,ERROR,
2026-09-05,bug-fix,fix website bugs,BLOCKED,,,ERROR,
2026-09-05,bug-fix,react error fix,BLOCKED,,,ERROR,
2026-09-05,full-stack,nextjs developer,BLOCKED,,,ERROR,
2026-09-05,full-stack,react web app,BLOCKED,,,ERROR,
2026-09-05,full-stack,full stack developer,BLOCKED,,,ERROR,
2026-09-05,full-stack,django website,BLOCKED,,,ERROR,
